{"cameraMode":{"drawMode":0,"name":"Shaded","section":"Shading Mode"},"sceneLighting":false,"audioPlay":false,"sceneViewState":{"m_AlwaysRefresh":false,"showFog":true,"showSkybox":false,"showFlares":true,"showImageEffects":true,"showParticleSystems":true,"showVisualEffectGraphs":true,"m_FxEnabled":true},"in2DMode":false,"pivot":{"x":-1.1487655639648438,"y":0.1805572509765625,"z":-9.289112091064454},"rotation":{"x":0.1388201117515564,"y":-0.39190325140953066,"z":0.05996835231781006,"w":0.9074263572692871},"size":1.8873026371002198,"orthographic":false}