{"cameraMode":{"drawMode":0,"name":"Shaded","section":"Shading Mode"},"sceneLighting":true,"audioPlay":false,"sceneViewState":{"m_AlwaysRefresh":false,"showFog":true,"showSkybox":true,"showFlares":true,"showImageEffects":true,"showParticleSystems":true,"showVisualEffectGraphs":true,"m_FxEnabled":true},"in2DMode":false,"pivot":{"x":-15.231002807617188,"y":-60.59868621826172,"z":151.47125244140626},"rotation":{"x":0.29017138481140139,"y":-0.04884381592273712,"z":0.015636153519153596,"w":0.9554222226142883},"size":72.08438110351563,"orthographic":false}