{"cameraMode":{"drawMode":0,"name":"Shaded","section":"Shading Mode"},"sceneLighting":true,"audioPlay":false,"sceneViewState":{"m_AlwaysRefresh":false,"showFog":true,"showSkybox":true,"showFlares":true,"showImageEffects":true,"showParticleSystems":true,"showVisualEffectGraphs":true,"m_FxEnabled":true},"in2DMode":false,"pivot":{"x":0.17365795373916627,"y":4.355928421020508,"z":-15.774478912353516},"rotation":{"x":0.1981191486120224,"y":0.013830965384840966,"z":-0.0027398550882935526,"w":0.9798634052276611},"size":1.8873025178909302,"orthographic":false}