{"cameraMode":{"drawMode":0,"name":"Shaded","section":"Shading Mode"},"sceneLighting":false,"audioPlay":false,"sceneViewState":{"m_AlwaysRefresh":false,"showFog":true,"showSkybox":false,"showFlares":true,"showImageEffects":true,"showParticleSystems":true,"showVisualEffectGraphs":true,"m_FxEnabled":true},"in2DMode":false,"pivot":{"x":-1.3014529943466187,"y":2.627272844314575,"z":-148.99896240234376},"rotation":{"x":-0.22482651472091676,"y":0.018120286986231805,"z":-0.004178646020591259,"w":-0.9741987586021423},"size":1.4774580001831055,"orthographic":false}