{"cameraMode":{"drawMode":0,"name":"Shaded","section":"Shading Mode"},"sceneLighting":true,"audioPlay":false,"sceneViewState":{"m_AlwaysRefresh":false,"showFog":true,"showSkybox":true,"showFlares":true,"showImageEffects":true,"showParticleSystems":true,"showVisualEffectGraphs":true,"m_FxEnabled":true},"in2DMode":false,"pivot":{"x":-6.5225300788879398,"y":4.401773929595947,"z":2.6962811946868898},"rotation":{"x":0.21396131813526154,"y":0.4144374430179596,"z":-0.10083051770925522,"w":0.8787198066711426},"size":1.8873025178909302,"orthographic":false}