{"cameraMode":{"drawMode":0,"name":"Shaded","section":"Shading Mode"},"sceneLighting":false,"audioPlay":false,"sceneViewState":{"m_AlwaysRefresh":false,"showFog":true,"showSkybox":false,"showFlares":true,"showImageEffects":true,"showParticleSystems":true,"showVisualEffectGraphs":true,"m_FxEnabled":true},"in2DMode":false,"pivot":{"x":-1.4660722017288209,"y":1.5555245876312256,"z":2.9739978313446047},"rotation":{"x":-0.12152078002691269,"y":0.15330243110656739,"z":-0.01899091899394989,"w":-0.9804698824882507},"size":1.4572685956954957,"orthographic":false}