{"cameraMode":{"drawMode":0,"name":"Shaded","section":"Shading Mode"},"sceneLighting":false,"audioPlay":false,"sceneViewState":{"m_AlwaysRefresh":false,"showFog":true,"showSkybox":false,"showFlares":true,"showImageEffects":true,"showParticleSystems":true,"showVisualEffectGraphs":true,"m_FxEnabled":true},"in2DMode":false,"pivot":{"x":-0.06313034147024155,"y":1.5233458280563355,"z":-12.295109748840332},"rotation":{"x":-0.12980735301971436,"y":0.013378510251641274,"z":0.001777832512743771,"w":0.9914265871047974},"size":1.8313616514205933,"orthographic":false}