{"cameraMode":{"drawMode":0,"name":"Shaded","section":"Shading Mode"},"sceneLighting":false,"audioPlay":false,"sceneViewState":{"m_AlwaysRefresh":false,"showFog":true,"showSkybox":false,"showFlares":true,"showImageEffects":true,"showParticleSystems":true,"showVisualEffectGraphs":true,"m_FxEnabled":true},"in2DMode":false,"pivot":{"x":-0.00000476837158203125,"y":0.26451489329338076,"z":-0.0000019073486328125},"rotation":{"x":-0.2948529124259949,"y":0.0764365941286087,"z":-0.023648113012313844,"w":-0.9521334767341614},"size":14.236602783203125,"orthographic":false}